Fund Name,TOPSIS Score,Rank
M1,0.8708380360041474,1
M4,0.6550308440668852,2
M5,0.5990586878660167,3
M8,0.5907827693580371,4
M2,0.4807505581830363,5
M6,0.22951958549821372,6
M3,0.17145177068203243,7
M7,0.14472350546138257,8
